[
  {
    "name": "Elon",
    "surname": "Musk",
    "review": "What a wonderful association"
  },
  {
    "name": "Carlo",
    "surname": "Ancelotti",
    "review": "The best association for cleaning the ocean"
  },
  {
    "name": "Lebron",
    "surname": "James",
    "review": "They do all their best to protect our planet"
  },
  {
    "name": "Marc",
    "surname": "Benioff",
    "review": "With Boyan's innovative leadership, I believe Wild Ocean will have an incredibly positive impact on the future of our oceans"
  },
  {
    "name": "Neelie",
    "surname": "Kroes",
    "review": "A symbol of not only preaching, but also acting"
  },
  {
    "name": "Gavin",
    "surname": "Newsom",
    "review": "There is no doubt that your efforts will truly have lasting, positive impact on our local and international commnunities "
  }
]
